[
  {
    "id": 2,
    "median_earnings": 28372.72727
  },
  {
    "id": 1,
    "median_earnings": 26594.84536
  },
  {
    "id": 5,
    "median_earnings": 21283.14607
  },
  {
    "id": 60,
    "median_earnings": 19800
  },
  {
    "id": 4,
    "median_earnings": 22723.18841
  },
  {
    "id": 6,
    "median_earnings": 21582.98137
  },
  {
    "id": 8,
    "median_earnings": 22976.69173
  },
  {
    "id": 9,
    "median_earnings": 27161.16505
  },
  {
    "id": 11,
    "median_earnings": 32484
  },
  {
    "id": 10,
    "median_earnings": 25252.63158
  },
  {
    "id": 12,
    "median_earnings": 20845.6422
  },
  {
    "id": 64,
    "median_earnings": 15800
  },
  {
    "id": 13,
    "median_earnings": 24328.85572
  },
  {
    "id": 66,
    "median_earnings": 18133.33333
  },
  {
    "id": 15,
    "median_earnings": 26100
  },
  {
    "id": 19,
    "median_earnings": 27567.74194
  },
  {
    "id": 16,
    "median_earnings": 15428.57143
  },
  {
    "id": 17,
    "median_earnings": 23505.76923
  },
  {
    "id": 18,
    "median_earnings": 20293.20988
  },
  {
    "id": 20,
    "median_earnings": 25566.99029
  },
  {
    "id": 21,
    "median_earnings": 21720.68966
  },
  {
    "id": 22,
    "median_earnings": 19741.80328
  },
  {
    "id": 25,
    "median_earnings": 30598.51485
  },
  {
    "id": 24,
    "median_earnings": 28595.0495
  },
  {
    "id": 23,
    "median_earnings": 27222.72727
  },
  {
    "id": 68,
    "median_earnings": 0
  },
  {
    "id": 26,
    "median_earnings": 22142.45283
  },
  {
    "id": 27,
    "median_earnings": 29117.28395
  },
  {
    "id": 29,
    "median_earnings": 22329.43925
  },
  {
    "id": 69,
    "median_earnings": 19000
  },
  {
    "id": 28,
    "median_earnings": 22895.38462
  },
  {
    "id": 30,
    "median_earnings": 20721.875
  },
  {
    "id": 37,
    "median_earnings": 23685.71429
  },
  {
    "id": 38,
    "median_earnings": 26670.96774
  },
  {
    "id": 31,
    "median_earnings": 31948
  },
  {
    "id": 33,
    "median_earnings": 23526.19048
  },
  {
    "id": 34,
    "median_earnings": 24729.16667
  },
  {
    "id": 35,
    "median_earnings": 25554.71698
  },
  {
    "id": 32,
    "median_earnings": 19794
  },
  {
    "id": 36,
    "median_earnings": 27560.34483
  },
  {
    "id": 39,
    "median_earnings": 23290.41096
  },
  {
    "id": 40,
    "median_earnings": 22144.96644
  },
  {
    "id": 41,
    "median_earnings": 22963.54167
  },
  {
    "id": 42,
    "median_earnings": 29917.14976
  },
  {
    "id": 72,
    "median_earnings": 12955.92105
  },
  {
    "id": 70,
    "median_earnings": 23700
  },
  {
    "id": 44,
    "median_earnings": 28596.15385
  },
  {
    "id": 45,
    "median_earnings": 22711.2069
  },
  {
    "id": 46,
    "median_earnings": 27990.32258
  },
  {
    "id": 47,
    "median_earnings": 23745.02618
  },
  {
    "id": 48,
    "median_earnings": 23013.48548
  },
  {
    "id": 49,
    "median_earnings": 17658.82353
  },
  {
    "id": 51,
    "median_earnings": 26559.04255
  },
  {
    "id": 78,
    "median_earnings": 34200
  },
  {
    "id": 50,
    "median_earnings": 30324.13793
  },
  {
    "id": 53,
    "median_earnings": 26150.3937
  },
  {
    "id": 55,
    "median_earnings": 27982.35294
  },
  {
    "id": 54,
    "median_earnings": 21440.50633
  },
  {
    "id": 56,
    "median_earnings": 31418.18182
  }
]